<?xml version="1.0" encoding="UTF-8" ?>
<!DOCTYPE mapper PUBLIC "-//mybatis.org//DTD Mapper 3.0//EN" "http://mybatis.org/dtd/mybatis-3-mapper.dtd" >
<mapper namespace="com.dormitory.dao.SsDormDao" >
  <resultMap id="BaseResultMap" type="com.dormitory.pojo.SsDorm" >
    <id column="ss_did" property="ssDid" jdbcType="INTEGER" />
    <result column="ss_dname" property="ssDname" jdbcType="VARCHAR" />
  </resultMap>
  <sql id="Example_Where_Clause" >
    <where >
      <foreach collection="oredCriteria" item="criteria" separator="or" >
        <if test="criteria.valid" >
          <trim prefix="(" suffix=")" prefixOverrides="and" >
            <foreach collection="criteria.criteria" item="criterion" >
              <choose >
                <when test="criterion.noValue" >
                  and ${criterion.condition}
                </when>
                <when test="criterion.singleValue" >
                  and ${criterion.condition} #{criterion.value}
                </when>
                <when test="criterion.betweenValue" >
                  and ${criterion.condition} #{criterion.value} and #{criterion.secondValue}
                </when>
                <when test="criterion.listValue" >
                  and ${criterion.condition}
                  <foreach collection="criterion.value" item="listItem" open="(" close=")" separator="," >
                    #{listItem}
                  </foreach>
                </when>
              </choose>
            </foreach>
          </trim>
        </if>
      </foreach>
    </where>
  </sql>
  <sql id="Update_By_Example_Where_Clause" >
    <where >
      <foreach collection="example.oredCriteria" item="criteria" separator="or" >
        <if test="criteria.valid" >
          <trim prefix="(" suffix=")" prefixOverrides="and" >
            <foreach collection="criteria.criteria" item="criterion" >
              <choose >
                <when test="criterion.noValue" >
                  and ${criterion.condition}
                </when>
                <when test="criterion.singleValue" >
                  and ${criterion.condition} #{criterion.value}
                </when>
                <when test="criterion.betweenValue" >
                  and ${criterion.condition} #{criterion.value} and #{criterion.secondValue}
                </when>
                <when test="criterion.listValue" >
                  and ${criterion.condition}
                  <foreach collection="criterion.value" item="listItem" open="(" close=")" separator="," >
                    #{listItem}
                  </foreach>
                </when>
              </choose>
            </foreach>
          </trim>
        </if>
      </foreach>
    </where>
  </sql>
  <sql id="Base_Column_List" >
    ss_did, ss_dname
  </sql>
  <select id="selectByExample" resultMap="BaseResultMap" parameterType="com.dormitory.pojo.SsDormExample" >
    select
    <if test="distinct" >
      distinct
    </if>
    <include refid="Base_Column_List" />
    from ss_dorm
    <if test="_parameter != null" >
      <include refid="Example_Where_Clause" />
    </if>
    <if test="orderByClause != null" >
      order by ${orderByClause}
    </if>
  </select>
  <select id="selectByPrimaryKey" resultMap="BaseResultMap" parameterType="java.lang.Integer" >
    select 
    <include refid="Base_Column_List" />
    from ss_dorm
    where ss_did = #{ssDid,jdbcType=INTEGER}
  </select>
  <delete id="deleteByPrimaryKey" parameterType="java.lang.Integer" >
    delete from ss_dorm
    where ss_did = #{ssDid,jdbcType=INTEGER}
  </delete>
  <delete id="deleteByExample" parameterType="com.dormitory.pojo.SsDormExample" >
    delete from ss_dorm
    <if test="_parameter != null" >
      <include refid="Example_Where_Clause" />
    </if>
  </delete>
  <insert id="insert" parameterType="com.dormitory.pojo.SsDorm" >
    insert into ss_dorm (ss_did, ss_dname)
    values (#{ssDid,jdbcType=INTEGER}, #{ssDname,jdbcType=VARCHAR})
  </insert>
  <insert id="insertSelective" parameterType="com.dormitory.pojo.SsDorm" >
    insert into ss_dorm
    <trim prefix="(" suffix=")" suffixOverrides="," >
      <if test="ssDid != null" >
        ss_did,
      </if>
      <if test="ssDname != null" >
        ss_dname,
      </if>
    </trim>
    <trim prefix="values (" suffix=")" suffixOverrides="," >
      <if test="ssDid != null" >
        #{ssDid,jdbcType=INTEGER},
      </if>
      <if test="ssDname != null" >
        #{ssDname,jdbcType=VARCHAR},
      </if>
    </trim>
  </insert>
  <select id="countByExample" parameterType="com.dormitory.pojo.SsDormExample" resultType="java.lang.Integer" >
    select count(*) from ss_dorm
    <if test="_parameter != null" >
      <include refid="Example_Where_Clause" />
    </if>
  </select>
  <update id="updateByExampleSelective" parameterType="map" >
    update ss_dorm
    <set >
      <if test="record.ssDid != null" >
        ss_did = #{record.ssDid,jdbcType=INTEGER},
      </if>
      <if test="record.ssDname != null" >
        ss_dname = #{record.ssDname,jdbcType=VARCHAR},
      </if>
    </set>
    <if test="_parameter != null" >
      <include refid="Update_By_Example_Where_Clause" />
    </if>
  </update>
  <update id="updateByExample" parameterType="map" >
    update ss_dorm
    set ss_did = #{record.ssDid,jdbcType=INTEGER},
      ss_dname = #{record.ssDname,jdbcType=VARCHAR}
    <if test="_parameter != null" >
      <include refid="Update_By_Example_Where_Clause" />
    </if>
  </update>
  <update id="updateByPrimaryKeySelective" parameterType="com.dormitory.pojo.SsDorm" >
    update ss_dorm
    <set >
      <if test="ssDname != null" >
        ss_dname = #{ssDname,jdbcType=VARCHAR},
      </if>
    </set>
    where ss_did = #{ssDid,jdbcType=INTEGER}
  </update>
  <update id="updateByPrimaryKey" parameterType="com.dormitory.pojo.SsDorm" >
    update ss_dorm
    set ss_dname = #{ssDname,jdbcType=VARCHAR}
    where ss_did = #{ssDid,jdbcType=INTEGER}
  </update>
  
  <!-- 单表 -->
  	<resultMap type="com.dormitory.pojo.SsDorm" id="DormandUser">
		<!-- 主表信息 -->
		<!-- 加入id才能根据id删除 -->
		<id column="ss_did" property="ssDid"/>
		<result column="ss_dname" property="ssDname" />
		<!-- 从表信息 -->
	<association property="ssUser" javaType="com.dormitory.pojo.SsUser">
  		<id column="ss_uid" property="ssUid"/>
	  	<result column="ss_uname" property="ssUname"/>
	  	<result column="ss_password" property="ssPassword"/>
	  	<result column="ss_sex" property="ssSex"/>
	  	<result column="ss_class" property="ssClass"/>
	  	<result column="ss_email" property="ssEmail"/>
	  	<result column="ss_did" property="ssDid"/>
	  	<result column="ss_money" property="ssMoney"/>
	  	<result column="ss_power" property="ssPower"/>
  	</association>
	</resultMap>
	
    <!-- all -->
	<select id="selDormandUserall" resultMap="DormandUser">
		select * FROM  ss_dorm,ss_user
		WHERE ss_user.ss_did=ss_dorm.ss_did
	</select>
  
  <select id="findAllDorm" resultMap="BaseResultMap">
  	select * from ss_dorm
  </select>
</mapper>