<?xml version="1.0" encoding="UTF-8" ?>
<!DOCTYPE mapper PUBLIC "-//mybatis.org//DTD Mapper 3.0//EN" "http://mybatis.org/dtd/mybatis-3-mapper.dtd" >
<mapper namespace="com.dormitory.dao.SsHygieneDao" >
  <resultMap id="BaseResultMap" type="com.dormitory.pojo.SsHygiene" >
    <id column="ss_hid" property="ssHid" jdbcType="INTEGER" />
    <result column="ss_did" property="ssDid" jdbcType="INTEGER" />
    <result column="ss_bed" property="ssBed" jdbcType="INTEGER" />
    <result column="ss_ch" property="ssCh" jdbcType="INTEGER" />
    <result column="ss_yt" property="ssYt" jdbcType="INTEGER" />
    <result column="ss_wc" property="ssWc" jdbcType="INTEGER" />
    <result column="ss_ws" property="ssWs" jdbcType="INTEGER" />
    <result column="ss_hnum" property="ssHnum" jdbcType="INTEGER" />
    <result column="ss_hdate" property="ssHdate" jdbcType="TIMESTAMP" />
  </resultMap>
  <sql id="Example_Where_Clause" >
    <where >
      <foreach collection="oredCriteria" item="criteria" separator="or" >
        <if test="criteria.valid" >
          <trim prefix="(" suffix=")" prefixOverrides="and" >
            <foreach collection="criteria.criteria" item="criterion" >
              <choose >
                <when test="criterion.noValue" >
                  and ${criterion.condition}
                </when>
                <when test="criterion.singleValue" >
                  and ${criterion.condition} #{criterion.value}
                </when>
                <when test="criterion.betweenValue" >
                  and ${criterion.condition} #{criterion.value} and #{criterion.secondValue}
                </when>
                <when test="criterion.listValue" >
                  and ${criterion.condition}
                  <foreach collection="criterion.value" item="listItem" open="(" close=")" separator="," >
                    #{listItem}
                  </foreach>
                </when>
              </choose>
            </foreach>
          </trim>
        </if>
      </foreach>
    </where>
  </sql>
  <sql id="Update_By_Example_Where_Clause" >
    <where >
      <foreach collection="example.oredCriteria" item="criteria" separator="or" >
        <if test="criteria.valid" >
          <trim prefix="(" suffix=")" prefixOverrides="and" >
            <foreach collection="criteria.criteria" item="criterion" >
              <choose >
                <when test="criterion.noValue" >
                  and ${criterion.condition}
                </when>
                <when test="criterion.singleValue" >
                  and ${criterion.condition} #{criterion.value}
                </when>
                <when test="criterion.betweenValue" >
                  and ${criterion.condition} #{criterion.value} and #{criterion.secondValue}
                </when>
                <when test="criterion.listValue" >
                  and ${criterion.condition}
                  <foreach collection="criterion.value" item="listItem" open="(" close=")" separator="," >
                    #{listItem}
                  </foreach>
                </when>
              </choose>
            </foreach>
          </trim>
        </if>
      </foreach>
    </where>
  </sql>
  <sql id="Base_Column_List" >
    ss_hid, ss_did, ss_bed, ss_ch, ss_yt, ss_wc, ss_ws, ss_hnum, ss_hdate
  </sql>
  <select id="selectByExample" resultMap="BaseResultMap" parameterType="com.dormitory.pojo.SsHygieneExample" >
    select
    <if test="distinct" >
      distinct
    </if>
    <include refid="Base_Column_List" />
    from ss_hygiene
    <if test="_parameter != null" >
      <include refid="Example_Where_Clause" />
    </if>
    <if test="orderByClause != null" >
      order by ${orderByClause}
    </if>
  </select>
  <select id="selectByPrimaryKey" resultMap="BaseResultMap" parameterType="java.lang.Integer" >
    select 
    <include refid="Base_Column_List" />
    from ss_hygiene
    where ss_hid = #{ssHid,jdbcType=INTEGER}
  </select>
  <delete id="deleteByPrimaryKey" parameterType="java.lang.Integer" >
    delete from ss_hygiene
    where ss_hid = #{ssHid,jdbcType=INTEGER}
  </delete>
  <delete id="deleteByExample" parameterType="com.dormitory.pojo.SsHygieneExample" >
    delete from ss_hygiene
    <if test="_parameter != null" >
      <include refid="Example_Where_Clause" />
    </if>
  </delete>
  <insert id="insert" parameterType="com.dormitory.pojo.SsHygiene" >
    insert into ss_hygiene (ss_hid, ss_did, ss_bed, 
      ss_ch, ss_yt, ss_wc, ss_ws, 
      ss_hnum, ss_hdate)
    values (#{ssHid,jdbcType=INTEGER}, #{ssDid,jdbcType=INTEGER}, #{ssBed,jdbcType=INTEGER}, 
      #{ssCh,jdbcType=INTEGER}, #{ssYt,jdbcType=INTEGER}, #{ssWc,jdbcType=INTEGER}, #{ssWs,jdbcType=INTEGER}, 
      #{ssHnum,jdbcType=INTEGER}, #{ssHdate,jdbcType=TIMESTAMP})
  </insert>
  <insert id="insertSelective" parameterType="com.dormitory.pojo.SsHygiene" >
    insert into ss_hygiene
    <trim prefix="(" suffix=")" suffixOverrides="," >
      <if test="ssHid != null" >
        ss_hid,
      </if>
      <if test="ssDid != null" >
        ss_did,
      </if>
      <if test="ssBed != null" >
        ss_bed,
      </if>
      <if test="ssCh != null" >
        ss_ch,
      </if>
      <if test="ssYt != null" >
        ss_yt,
      </if>
      <if test="ssWc != null" >
        ss_wc,
      </if>
      <if test="ssWs != null" >
        ss_ws,
      </if>
      <if test="ssHnum != null" >
        ss_hnum,
      </if>
      <if test="ssHdate != null" >
        ss_hdate,
      </if>
    </trim>
    <trim prefix="values (" suffix=")" suffixOverrides="," >
      <if test="ssHid != null" >
        #{ssHid,jdbcType=INTEGER},
      </if>
      <if test="ssDid != null" >
        #{ssDid,jdbcType=INTEGER},
      </if>
      <if test="ssBed != null" >
        #{ssBed,jdbcType=INTEGER},
      </if>
      <if test="ssCh != null" >
        #{ssCh,jdbcType=INTEGER},
      </if>
      <if test="ssYt != null" >
        #{ssYt,jdbcType=INTEGER},
      </if>
      <if test="ssWc != null" >
        #{ssWc,jdbcType=INTEGER},
      </if>
      <if test="ssWs != null" >
        #{ssWs,jdbcType=INTEGER},
      </if>
      <if test="ssHnum != null" >
        #{ssHnum,jdbcType=INTEGER},
      </if>
      <if test="ssHdate != null" >
        #{ssHdate,jdbcType=TIMESTAMP},
      </if>
    </trim>
  </insert>
  <select id="countByExample" parameterType="com.dormitory.pojo.SsHygieneExample" resultType="java.lang.Integer" >
    select count(*) from ss_hygiene
    <if test="_parameter != null" >
      <include refid="Example_Where_Clause" />
    </if>
  </select>
  <update id="updateByExampleSelective" parameterType="map" >
    update ss_hygiene
    <set >
      <if test="record.ssHid != null" >
        ss_hid = #{record.ssHid,jdbcType=INTEGER},
      </if>
      <if test="record.ssDid != null" >
        ss_did = #{record.ssDid,jdbcType=INTEGER},
      </if>
      <if test="record.ssBed != null" >
        ss_bed = #{record.ssBed,jdbcType=INTEGER},
      </if>
      <if test="record.ssCh != null" >
        ss_ch = #{record.ssCh,jdbcType=INTEGER},
      </if>
      <if test="record.ssYt != null" >
        ss_yt = #{record.ssYt,jdbcType=INTEGER},
      </if>
      <if test="record.ssWc != null" >
        ss_wc = #{record.ssWc,jdbcType=INTEGER},
      </if>
      <if test="record.ssWs != null" >
        ss_ws = #{record.ssWs,jdbcType=INTEGER},
      </if>
      <if test="record.ssHnum != null" >
        ss_hnum = #{record.ssHnum,jdbcType=INTEGER},
      </if>
      <if test="record.ssHdate != null" >
        ss_hdate = #{record.ssHdate,jdbcType=TIMESTAMP},
      </if>
    </set>
    <if test="_parameter != null" >
      <include refid="Update_By_Example_Where_Clause" />
    </if>
  </update>
  <update id="updateByExample" parameterType="map" >
    update ss_hygiene
    set ss_hid = #{record.ssHid,jdbcType=INTEGER},
      ss_did = #{record.ssDid,jdbcType=INTEGER},
      ss_bed = #{record.ssBed,jdbcType=INTEGER},
      ss_ch = #{record.ssCh,jdbcType=INTEGER},
      ss_yt = #{record.ssYt,jdbcType=INTEGER},
      ss_wc = #{record.ssWc,jdbcType=INTEGER},
      ss_ws = #{record.ssWs,jdbcType=INTEGER},
      ss_hnum = #{record.ssHnum,jdbcType=INTEGER},
      ss_hdate = #{record.ssHdate,jdbcType=TIMESTAMP}
    <if test="_parameter != null" >
      <include refid="Update_By_Example_Where_Clause" />
    </if>
  </update>
  <update id="updateByPrimaryKeySelective" parameterType="com.dormitory.pojo.SsHygiene" >
    update ss_hygiene
    <set >
      <if test="ssDid != null" >
        ss_did = #{ssDid,jdbcType=INTEGER},
      </if>
      <if test="ssBed != null" >
        ss_bed = #{ssBed,jdbcType=INTEGER},
      </if>
      <if test="ssCh != null" >
        ss_ch = #{ssCh,jdbcType=INTEGER},
      </if>
      <if test="ssYt != null" >
        ss_yt = #{ssYt,jdbcType=INTEGER},
      </if>
      <if test="ssWc != null" >
        ss_wc = #{ssWc,jdbcType=INTEGER},
      </if>
      <if test="ssWs != null" >
        ss_ws = #{ssWs,jdbcType=INTEGER},
      </if>
      <if test="ssHnum != null" >
        ss_hnum = #{ssHnum,jdbcType=INTEGER},
      </if>
      <if test="ssHdate != null" >
        ss_hdate = #{ssHdate,jdbcType=TIMESTAMP},
      </if>
    </set>
    where ss_hid = #{ssHid,jdbcType=INTEGER}
  </update>
  <update id="updateByPrimaryKey" parameterType="com.dormitory.pojo.SsHygiene" >
    update ss_hygiene
    set ss_did = #{ssDid,jdbcType=INTEGER},
      ss_bed = #{ssBed,jdbcType=INTEGER},
      ss_ch = #{ssCh,jdbcType=INTEGER},
      ss_yt = #{ssYt,jdbcType=INTEGER},
      ss_wc = #{ssWc,jdbcType=INTEGER},
      ss_ws = #{ssWs,jdbcType=INTEGER},
      ss_hnum = #{ssHnum,jdbcType=INTEGER},
      ss_hdate = #{ssHdate,jdbcType=TIMESTAMP}
    where ss_hid = #{ssHid,jdbcType=INTEGER}
  </update>
  
   <!-- 单表 -->
  	<resultMap type="com.dormitory.pojo.SsHygiene" id="HygieneandDormandUser">
		<!-- 主表信息 -->
		<!-- 加入id才能根据id删除 -->
		<id column="ss_hid" property="ssHid"/>
		<result column="ss_bed" property="ssBed" />
		<result column="ss_ch" property="ssCh" />
		<result column="ss_yt" property="ssYt" />
		<result column="ss_wc" property="ssWc" />
		<result column="ss_ws" property="ssWs" />	
		<result column="ss_hnum" property="ssHnum" />	
		<result column="ss_hdate" property="ssHdate" />	
		<!-- 从表信息 -->
		<association property="ssDorm" javaType="com.dormitory.pojo.SsDorm">
		<id column="ss_did" property="ssDid"/>
	    <result column="ss_dname" property="ssDname" />
	</association>
	<association property="ssUser" javaType="com.dormitory.pojo.SsUser">
  		<id column="ss_uid" property="ssUid"/>
	  	<result column="ss_uname" property="ssUname"/>
	  	<result column="ss_password" property="ssPassword"/>
	  	<result column="ss_sex" property="ssSex"/>
	  	<result column="ss_class" property="ssClass"/>
	  	<result column="ss_email" property="ssEmail"/>
	  	<result column="ss_did" property="ssDid"/>
	  	<result column="ss_money" property="ssMoney"/>
	  	<result column="ss_power" property="ssPower"/>
  	</association>
	</resultMap>
		
	<!-- ssHid查 -->
	<select id="selHygieneandDormByssHid" resultMap="HygieneandDormandUser">
		select * FROM  ss_hygiene,ss_dorm
		WHERE ss_hygiene.ss_did=ss_dorm.ss_did and ss_hid = #{ssHid,jdbcType=INTEGER}
	</select>
	
	<!-- ssDid查,日期降序 -->
	<select id="selHygieneandDormandUserByssDidandssHdateDESC" resultMap="HygieneandDormandUser">
	select * from ss_user,ss_hygiene,ss_dorm 
	where ss_user.ss_did = ss_dorm.ss_did and ss_dorm.ss_did = ss_hygiene.ss_did and ss_hygiene.ss_did = #{ssDid,jdbcType=INTEGER}
	order by ss_hygiene.ss_hdate DESC
	</select>
	
	<!-- 搜索框ssDname查 -->
	<select id="selHygieneandDormandUserByssDname" resultMap="HygieneandDormandUser" parameterType="String">
	select * from ss_user,ss_hygiene,ss_dorm 
	where ss_user.ss_did = ss_dorm.ss_did and ss_dorm.ss_did = ss_hygiene.ss_did and
	(ss_dname = #{s})
	</select>
	
	<!-- 全查之时间降序,宿舍升序 -->
	<select id="selHygieneandDormandUserByssHdateDESCandssDname" resultMap="HygieneandDormandUser">
	select * from ss_hygiene,ss_dorm,ss_user 
	where ss_dorm.ss_did = ss_hygiene.ss_did and ss_user.ss_did = ss_dorm.ss_did
	order by ss_hygiene.ss_hdate DESC,ss_dorm.ss_dname
	</select>
	 
</mapper>