<?xml version="1.0" encoding="UTF-8" ?>
<!DOCTYPE mapper PUBLIC "-//mybatis.org//DTD Mapper 3.0//EN" "http://mybatis.org/dtd/mybatis-3-mapper.dtd" >
<mapper namespace="com.dormitory.dao.SsLeaveDao" >
  <resultMap id="BaseResultMap" type="com.dormitory.pojo.SsLeave" >
    <id column="ss_lid" property="ssLid" jdbcType="INTEGER" />
    <result column="ss_uid" property="ssUid" jdbcType="INTEGER" />
    <result column="ss_lwdate" property="ssLwdate" jdbcType="TIMESTAMP" />
    <result column="ss_lddate" property="ssLddate" jdbcType="TIMESTAMP" />
    <result column="ss_lbdate" property="ssLbdate" jdbcType="TIMESTAMP" />
    <result column="ss_lstatus" property="ssLstatus" jdbcType="VARCHAR" />
  </resultMap>
  <sql id="Example_Where_Clause" >
    <where >
      <foreach collection="oredCriteria" item="criteria" separator="or" >
        <if test="criteria.valid" >
          <trim prefix="(" suffix=")" prefixOverrides="and" >
            <foreach collection="criteria.criteria" item="criterion" >
              <choose >
                <when test="criterion.noValue" >
                  and ${criterion.condition}
                </when>
                <when test="criterion.singleValue" >
                  and ${criterion.condition} #{criterion.value}
                </when>
                <when test="criterion.betweenValue" >
                  and ${criterion.condition} #{criterion.value} and #{criterion.secondValue}
                </when>
                <when test="criterion.listValue" >
                  and ${criterion.condition}
                  <foreach collection="criterion.value" item="listItem" open="(" close=")" separator="," >
                    #{listItem}
                  </foreach>
                </when>
              </choose>
            </foreach>
          </trim>
        </if>
      </foreach>
    </where>
  </sql>
  <sql id="Update_By_Example_Where_Clause" >
    <where >
      <foreach collection="example.oredCriteria" item="criteria" separator="or" >
        <if test="criteria.valid" >
          <trim prefix="(" suffix=")" prefixOverrides="and" >
            <foreach collection="criteria.criteria" item="criterion" >
              <choose >
                <when test="criterion.noValue" >
                  and ${criterion.condition}
                </when>
                <when test="criterion.singleValue" >
                  and ${criterion.condition} #{criterion.value}
                </when>
                <when test="criterion.betweenValue" >
                  and ${criterion.condition} #{criterion.value} and #{criterion.secondValue}
                </when>
                <when test="criterion.listValue" >
                  and ${criterion.condition}
                  <foreach collection="criterion.value" item="listItem" open="(" close=")" separator="," >
                    #{listItem}
                  </foreach>
                </when>
              </choose>
            </foreach>
          </trim>
        </if>
      </foreach>
    </where>
  </sql>
  <sql id="Base_Column_List" >
    ss_lid, ss_uid, ss_lwdate, ss_lddate, ss_lbdate, ss_lstatus
  </sql>
  <select id="selectByExample" resultMap="BaseResultMap" parameterType="com.dormitory.pojo.SsLeaveExample" >
    select
    <if test="distinct" >
      distinct
    </if>
    <include refid="Base_Column_List" />
    from ss_leave
    <if test="_parameter != null" >
      <include refid="Example_Where_Clause" />
    </if>
    <if test="orderByClause != null" >
      order by ${orderByClause}
    </if>
  </select>
  <select id="selectByPrimaryKey" resultMap="BaseResultMap" parameterType="java.lang.Integer" >
    select 
    <include refid="Base_Column_List" />
    from ss_leave
    where ss_lid = #{ssLid,jdbcType=INTEGER}
  </select>
  <delete id="deleteByPrimaryKey" parameterType="java.lang.Integer" >
    delete from ss_leave
    where ss_lid = #{ssLid,jdbcType=INTEGER}
  </delete>
  <delete id="deleteByExample" parameterType="com.dormitory.pojo.SsLeaveExample" >
    delete from ss_leave
    <if test="_parameter != null" >
      <include refid="Example_Where_Clause" />
    </if>
  </delete>
  <insert id="insert" parameterType="com.dormitory.pojo.SsLeave" >
    insert into ss_leave (ss_lid, ss_uid, ss_lwdate, 
      ss_lddate, ss_lbdate, ss_lstatus
      )
    values (#{ssLid,jdbcType=INTEGER}, #{ssUid,jdbcType=INTEGER}, #{ssLwdate,jdbcType=TIMESTAMP}, 
      #{ssLddate,jdbcType=TIMESTAMP}, #{ssLbdate,jdbcType=TIMESTAMP}, #{ssLstatus,jdbcType=VARCHAR}
      )
  </insert>
  <insert id="insertSelective" parameterType="com.dormitory.pojo.SsLeave" >
    insert into ss_leave
    <trim prefix="(" suffix=")" suffixOverrides="," >
      <if test="ssLid != null" >
        ss_lid,
      </if>
      <if test="ssUid != null" >
        ss_uid,
      </if>
      <if test="ssLwdate != null" >
        ss_lwdate,
      </if>
      <if test="ssLddate != null" >
        ss_lddate,
      </if>
      <if test="ssLbdate != null" >
        ss_lbdate,
      </if>
      <if test="ssLstatus != null" >
        ss_lstatus,
      </if>
    </trim>
    <trim prefix="values (" suffix=")" suffixOverrides="," >
      <if test="ssLid != null" >
        #{ssLid,jdbcType=INTEGER},
      </if>
      <if test="ssUid != null" >
        #{ssUid,jdbcType=INTEGER},
      </if>
      <if test="ssLwdate != null" >
        #{ssLwdate,jdbcType=TIMESTAMP},
      </if>
      <if test="ssLddate != null" >
        #{ssLddate,jdbcType=TIMESTAMP},
      </if>
      <if test="ssLbdate != null" >
        #{ssLbdate,jdbcType=TIMESTAMP},
      </if>
      <if test="ssLstatus != null" >
        #{ssLstatus,jdbcType=VARCHAR},
      </if>
    </trim>
  </insert>
  <select id="countByExample" parameterType="com.dormitory.pojo.SsLeaveExample" resultType="java.lang.Integer" >
    select count(*) from ss_leave
    <if test="_parameter != null" >
      <include refid="Example_Where_Clause" />
    </if>
  </select>
  <update id="updateByExampleSelective" parameterType="map" >
    update ss_leave
    <set >
      <if test="record.ssLid != null" >
        ss_lid = #{record.ssLid,jdbcType=INTEGER},
      </if>
      <if test="record.ssUid != null" >
        ss_uid = #{record.ssUid,jdbcType=INTEGER},
      </if>
      <if test="record.ssLwdate != null" >
        ss_lwdate = #{record.ssLwdate,jdbcType=TIMESTAMP},
      </if>
      <if test="record.ssLddate != null" >
        ss_lddate = #{record.ssLddate,jdbcType=TIMESTAMP},
      </if>
      <if test="record.ssLbdate != null" >
        ss_lbdate = #{record.ssLbdate,jdbcType=TIMESTAMP},
      </if>
      <if test="record.ssLstatus != null" >
        ss_lstatus = #{record.ssLstatus,jdbcType=VARCHAR},
      </if>
    </set>
    <if test="_parameter != null" >
      <include refid="Update_By_Example_Where_Clause" />
    </if>
  </update>
  <update id="updateByExample" parameterType="map" >
    update ss_leave
    set ss_lid = #{record.ssLid,jdbcType=INTEGER},
      ss_uid = #{record.ssUid,jdbcType=INTEGER},
      ss_lwdate = #{record.ssLwdate,jdbcType=TIMESTAMP},
      ss_lddate = #{record.ssLddate,jdbcType=TIMESTAMP},
      ss_lbdate = #{record.ssLbdate,jdbcType=TIMESTAMP},
      ss_lstatus = #{record.ssLstatus,jdbcType=VARCHAR}
    <if test="_parameter != null" >
      <include refid="Update_By_Example_Where_Clause" />
    </if>
  </update>
  <update id="updateByPrimaryKeySelective" parameterType="com.dormitory.pojo.SsLeave" >
    update ss_leave
    <set >
      <if test="ssUid != null" >
        ss_uid = #{ssUid,jdbcType=INTEGER},
      </if>
      <if test="ssLwdate != null" >
        ss_lwdate = #{ssLwdate,jdbcType=TIMESTAMP},
      </if>
      <if test="ssLddate != null" >
        ss_lddate = #{ssLddate,jdbcType=TIMESTAMP},
      </if>
      <if test="ssLbdate != null" >
        ss_lbdate = #{ssLbdate,jdbcType=TIMESTAMP},
      </if>
      <if test="ssLstatus != null" >
        ss_lstatus = #{ssLstatus,jdbcType=VARCHAR},
      </if>
    </set>
    where ss_lid = #{ssLid,jdbcType=INTEGER}
  </update>
  <update id="updateByPrimaryKey" parameterType="com.dormitory.pojo.SsLeave" >
    update ss_leave
    set ss_uid = #{ssUid,jdbcType=INTEGER},
      ss_lwdate = #{ssLwdate,jdbcType=TIMESTAMP},
      ss_lddate = #{ssLddate,jdbcType=TIMESTAMP},
      ss_lbdate = #{ssLbdate,jdbcType=TIMESTAMP},
      ss_lstatus = #{ssLstatus,jdbcType=VARCHAR}
    where ss_lid = #{ssLid,jdbcType=INTEGER}
  </update>
  
  <!-- 单表 -->
  	<resultMap type="com.dormitory.pojo.SsLeave" id="LeaveandDormandUser">
		<!-- 主表信息 -->
		<!-- 加入id才能根据id删除 -->
		<id column="ss_lid" property="ssLid"/>
		<result column="ss_lwdate" property="ssLwdate" />
		<result column="ss_lddate" property="ssLddate" />
		<result column="ss_lbdate" property="ssLbdate" />
		<result column="ss_lstatus" property="ssLstatus" />
		<!-- 从表信息 -->
		<association property="ssDorm" javaType="com.dormitory.pojo.SsDorm">
		<id column="ss_did" property="ssDid"/>
	    <result column="ss_dname" property="ssDname" />
	</association>
		<!-- 从表信息 -->
		<association property="ssUser" javaType="com.dormitory.pojo.SsUser">
  		<id column="ss_uid" property="ssUid"/>
	  	<result column="ss_uname" property="ssUname"/>
	  	<result column="ss_password" property="ssPassword"/>
	  	<result column="ss_sex" property="ssSex"/>
	  	<result column="ss_class" property="ssClass"/>
	  	<result column="ss_email" property="ssEmail"/>
	  	<result column="ss_did" property="ssDid"/>
	  	<result column="ss_money" property="ssMoney"/>
	  	<result column="ss_power" property="ssPower"/>
  	</association>
	</resultMap>
	
	<!-- 全查之离返日期降序,宿舍升序 -->
	<select id="selLeaveandUserandDormByssLwdateDESCandssDname" resultMap="LeaveandDormandUser">
		select * FROM  ss_leave,ss_user,ss_dorm
		WHERE ss_leave.ss_uid=ss_user.ss_uid and ss_user.ss_did=ss_dorm.ss_did
		order by ss_leave.ss_lwdate DESC,ss_leave.ss_lbdate DESC,ss_dorm.ss_dname
	</select>
	
	<!-- ssLid查 -->
	<select id="selLeaveandUserandDormByssLid" resultMap="LeaveandDormandUser">
		select * FROM  ss_leave,ss_user,ss_dorm
		WHERE ss_leave.ss_uid=ss_user.ss_uid and ss_user.ss_did=ss_dorm.ss_did and ss_leave.ss_lid = #{ssLid,jdbcType=INTEGER}
	</select>
	
	<!-- ssUid查,ssLwdate、ssLbdate降序 -->
	<select id="selLeaveandUserandDormByssUidandsslwdateDESC" resultMap="LeaveandDormandUser">
	    select * from ss_user,ss_leave,ss_dorm 
	    where ss_leave.ss_uid = ss_user.ss_uid and ss_user.ss_did=ss_dorm.ss_did and ss_leave.ss_uid =  #{ssUid,jdbcType=INTEGER}
	    order by ss_leave.ss_lwdate DESC,ss_leave.ss_lbdate DESC
	</select>
	
	<!-- 搜索框ssUname、ssDname查 -->
	<select id="selLeaveandUserandDormByssUnameandssDname" resultMap="LeaveandDormandUser" parameterType="String" >
	select * from ss_user,ss_leave,ss_dorm 
	where ss_leave.ss_uid=ss_user.ss_uid and ss_user.ss_did=ss_dorm.ss_did and
	(ss_dname = #{b} or ss_uname = #{b})
	</select>
</mapper>