<?xml version="1.0" encoding="UTF-8" ?>
<!DOCTYPE mapper PUBLIC "-//mybatis.org//DTD Mapper 3.0//EN" "http://mybatis.org/dtd/mybatis-3-mapper.dtd" >
<mapper namespace="com.dormitory.dao.SsNoticeDao" >
  <resultMap id="BaseResultMap" type="com.dormitory.pojo.SsNotice" >
    <id column="ss_nid" property="ssNid" jdbcType="INTEGER" />
    <result column="ss_ndate" property="ssNdate" jdbcType="TIMESTAMP" />
    <result column="ss_nnr" property="ssNnr" jdbcType="VARCHAR" />
  </resultMap>
  <sql id="Example_Where_Clause" >
    <where >
      <foreach collection="oredCriteria" item="criteria" separator="or" >
        <if test="criteria.valid" >
          <trim prefix="(" suffix=")" prefixOverrides="and" >
            <foreach collection="criteria.criteria" item="criterion" >
              <choose >
                <when test="criterion.noValue" >
                  and ${criterion.condition}
                </when>
                <when test="criterion.singleValue" >
                  and ${criterion.condition} #{criterion.value}
                </when>
                <when test="criterion.betweenValue" >
                  and ${criterion.condition} #{criterion.value} and #{criterion.secondValue}
                </when>
                <when test="criterion.listValue" >
                  and ${criterion.condition}
                  <foreach collection="criterion.value" item="listItem" open="(" close=")" separator="," >
                    #{listItem}
                  </foreach>
                </when>
              </choose>
            </foreach>
          </trim>
        </if>
      </foreach>
    </where>
  </sql>
  <sql id="Update_By_Example_Where_Clause" >
    <where >
      <foreach collection="example.oredCriteria" item="criteria" separator="or" >
        <if test="criteria.valid" >
          <trim prefix="(" suffix=")" prefixOverrides="and" >
            <foreach collection="criteria.criteria" item="criterion" >
              <choose >
                <when test="criterion.noValue" >
                  and ${criterion.condition}
                </when>
                <when test="criterion.singleValue" >
                  and ${criterion.condition} #{criterion.value}
                </when>
                <when test="criterion.betweenValue" >
                  and ${criterion.condition} #{criterion.value} and #{criterion.secondValue}
                </when>
                <when test="criterion.listValue" >
                  and ${criterion.condition}
                  <foreach collection="criterion.value" item="listItem" open="(" close=")" separator="," >
                    #{listItem}
                  </foreach>
                </when>
              </choose>
            </foreach>
          </trim>
        </if>
      </foreach>
    </where>
  </sql>
  <sql id="Base_Column_List" >
    ss_nid, ss_ndate, ss_nnr
  </sql>
  <select id="selectByExample" resultMap="BaseResultMap" parameterType="com.dormitory.pojo.SsNoticeExample" >
    select
    <if test="distinct" >
      distinct
    </if>
    <include refid="Base_Column_List" />
    from ss_notice
    <if test="_parameter != null" >
      <include refid="Example_Where_Clause" />
    </if>
    <if test="orderByClause != null" >
      order by ${orderByClause}
    </if>
  </select>
  <select id="selectByPrimaryKey" resultMap="BaseResultMap" parameterType="java.lang.Integer" >
    select 
    <include refid="Base_Column_List" />
    from ss_notice
    where ss_nid = #{ssNid,jdbcType=INTEGER}
  </select>
  <delete id="deleteByPrimaryKey" parameterType="java.lang.Integer" >
    delete from ss_notice
    where ss_nid = #{ssNid,jdbcType=INTEGER}
  </delete>
  <delete id="deleteByExample" parameterType="com.dormitory.pojo.SsNoticeExample" >
    delete from ss_notice
    <if test="_parameter != null" >
      <include refid="Example_Where_Clause" />
    </if>
  </delete>
  <insert id="insert" parameterType="com.dormitory.pojo.SsNotice" >
    insert into ss_notice (ss_nid, ss_ndate, ss_nnr
      )
    values (#{ssNid,jdbcType=INTEGER}, #{ssNdate,jdbcType=TIMESTAMP}, #{ssNnr,jdbcType=VARCHAR}
      )
  </insert>
  <insert id="insertSelective" parameterType="com.dormitory.pojo.SsNotice" >
    insert into ss_notice
    <trim prefix="(" suffix=")" suffixOverrides="," >
      <if test="ssNid != null" >
        ss_nid,
      </if>
      <if test="ssNdate != null" >
        ss_ndate,
      </if>
      <if test="ssNnr != null" >
        ss_nnr,
      </if>
    </trim>
    <trim prefix="values (" suffix=")" suffixOverrides="," >
      <if test="ssNid != null" >
        #{ssNid,jdbcType=INTEGER},
      </if>
      <if test="ssNdate != null" >
        #{ssNdate,jdbcType=TIMESTAMP},
      </if>
      <if test="ssNnr != null" >
        #{ssNnr,jdbcType=VARCHAR},
      </if>
    </trim>
  </insert>
  <select id="countByExample" parameterType="com.dormitory.pojo.SsNoticeExample" resultType="java.lang.Integer" >
    select count(*) from ss_notice
    <if test="_parameter != null" >
      <include refid="Example_Where_Clause" />
    </if>
  </select>
  <update id="updateByExampleSelective" parameterType="map" >
    update ss_notice
    <set >
      <if test="record.ssNid != null" >
        ss_nid = #{record.ssNid,jdbcType=INTEGER},
      </if>
      <if test="record.ssNdate != null" >
        ss_ndate = #{record.ssNdate,jdbcType=TIMESTAMP},
      </if>
      <if test="record.ssNnr != null" >
        ss_nnr = #{record.ssNnr,jdbcType=VARCHAR},
      </if>
    </set>
    <if test="_parameter != null" >
      <include refid="Update_By_Example_Where_Clause" />
    </if>
  </update>
  <update id="updateByExample" parameterType="map" >
    update ss_notice
    set ss_nid = #{record.ssNid,jdbcType=INTEGER},
      ss_ndate = #{record.ssNdate,jdbcType=TIMESTAMP},
      ss_nnr = #{record.ssNnr,jdbcType=VARCHAR}
    <if test="_parameter != null" >
      <include refid="Update_By_Example_Where_Clause" />
    </if>
  </update>
  <update id="updateByPrimaryKeySelective" parameterType="com.dormitory.pojo.SsNotice" >
    update ss_notice
    <set >
      <if test="ssNdate != null" >
        ss_ndate = #{ssNdate,jdbcType=TIMESTAMP},
      </if>
      <if test="ssNnr != null" >
        ss_nnr = #{ssNnr,jdbcType=VARCHAR},
      </if>
    </set>
    where ss_nid = #{ssNid,jdbcType=INTEGER}
  </update>
  <update id="updateByPrimaryKey" parameterType="com.dormitory.pojo.SsNotice" >
    update ss_notice
    set ss_ndate = #{ssNdate,jdbcType=TIMESTAMP},
      ss_nnr = #{ssNnr,jdbcType=VARCHAR}
    where ss_nid = #{ssNid,jdbcType=INTEGER}
  </update>
</mapper>