<?xml version="1.0" encoding="UTF-8" ?>
<!DOCTYPE mapper PUBLIC "-//mybatis.org//DTD Mapper 3.0//EN" "http://mybatis.org/dtd/mybatis-3-mapper.dtd" >
<mapper namespace="com.dormitory.dao.SsRepairDao" >
  <resultMap id="BaseResultMap" type="com.dormitory.pojo.SsRepair" >
    <id column="ss_rid" property="ssRid" jdbcType="INTEGER" />
    <result column="ss_did" property="ssDid" jdbcType="INTEGER" />
    <result column="ss_rdate" property="ssRdate" jdbcType="TIMESTAMP" />
    <result column="ss_rnr" property="ssRnr" jdbcType="VARCHAR" />
    <result column="ss_rimage" property="ssRimage" jdbcType="VARCHAR" />
    <result column="ss_rstate" property="ssRstate" jdbcType="VARCHAR" />
  </resultMap>
  <sql id="Example_Where_Clause" >
    <where >
      <foreach collection="oredCriteria" item="criteria" separator="or" >
        <if test="criteria.valid" >
          <trim prefix="(" suffix=")" prefixOverrides="and" >
            <foreach collection="criteria.criteria" item="criterion" >
              <choose >
                <when test="criterion.noValue" >
                  and ${criterion.condition}
                </when>
                <when test="criterion.singleValue" >
                  and ${criterion.condition} #{criterion.value}
                </when>
                <when test="criterion.betweenValue" >
                  and ${criterion.condition} #{criterion.value} and #{criterion.secondValue}
                </when>
                <when test="criterion.listValue" >
                  and ${criterion.condition}
                  <foreach collection="criterion.value" item="listItem" open="(" close=")" separator="," >
                    #{listItem}
                  </foreach>
                </when>
              </choose>
            </foreach>
          </trim>
        </if>
      </foreach>
    </where>
  </sql>
  <sql id="Update_By_Example_Where_Clause" >
    <where >
      <foreach collection="example.oredCriteria" item="criteria" separator="or" >
        <if test="criteria.valid" >
          <trim prefix="(" suffix=")" prefixOverrides="and" >
            <foreach collection="criteria.criteria" item="criterion" >
              <choose >
                <when test="criterion.noValue" >
                  and ${criterion.condition}
                </when>
                <when test="criterion.singleValue" >
                  and ${criterion.condition} #{criterion.value}
                </when>
                <when test="criterion.betweenValue" >
                  and ${criterion.condition} #{criterion.value} and #{criterion.secondValue}
                </when>
                <when test="criterion.listValue" >
                  and ${criterion.condition}
                  <foreach collection="criterion.value" item="listItem" open="(" close=")" separator="," >
                    #{listItem}
                  </foreach>
                </when>
              </choose>
            </foreach>
          </trim>
        </if>
      </foreach>
    </where>
  </sql>
  <sql id="Base_Column_List" >
    ss_rid, ss_did, ss_rdate, ss_rnr, ss_rimage, ss_rstate
  </sql>
  <select id="selectByExample" resultMap="BaseResultMap" parameterType="com.dormitory.pojo.SsRepairExample" >
    select
    <if test="distinct" >
      distinct
    </if>
    <include refid="Base_Column_List" />
    from ss_repair
    <if test="_parameter != null" >
      <include refid="Example_Where_Clause" />
    </if>
    <if test="orderByClause != null" >
      order by ${orderByClause}
    </if>
  </select>
  <select id="selectByPrimaryKey" resultMap="BaseResultMap" parameterType="java.lang.Integer" >
    select 
    <include refid="Base_Column_List" />
    from ss_repair
    where ss_rid = #{ssRid,jdbcType=INTEGER}
  </select>
  <delete id="deleteByPrimaryKey" parameterType="java.lang.Integer" >
    delete from ss_repair
    where ss_rid = #{ssRid,jdbcType=INTEGER}
  </delete>
  <delete id="deleteByExample" parameterType="com.dormitory.pojo.SsRepairExample" >
    delete from ss_repair
    <if test="_parameter != null" >
      <include refid="Example_Where_Clause" />
    </if>
  </delete>
  <insert id="insert" parameterType="com.dormitory.pojo.SsRepair" >
    insert into ss_repair (ss_rid, ss_did, ss_rdate, 
      ss_rnr, ss_rimage, ss_rstate
      )
    values (#{ssRid,jdbcType=INTEGER}, #{ssDid,jdbcType=INTEGER}, #{ssRdate,jdbcType=TIMESTAMP}, 
      #{ssRnr,jdbcType=VARCHAR}, #{ssRimage,jdbcType=VARCHAR}, #{ssRstate,jdbcType=VARCHAR}
      )
  </insert>
  <insert id="insertSelective" parameterType="com.dormitory.pojo.SsRepair" >
    insert into ss_repair
    <trim prefix="(" suffix=")" suffixOverrides="," >
      <if test="ssRid != null" >
        ss_rid,
      </if>
      <if test="ssDid != null" >
        ss_did,
      </if>
      <if test="ssRdate != null" >
        ss_rdate,
      </if>
      <if test="ssRnr != null" >
        ss_rnr,
      </if>
      <if test="ssRimage != null" >
        ss_rimage,
      </if>
      <if test="ssRstate != null" >
        ss_rstate,
      </if>
    </trim>
    <trim prefix="values (" suffix=")" suffixOverrides="," >
      <if test="ssRid != null" >
        #{ssRid,jdbcType=INTEGER},
      </if>
      <if test="ssDid != null" >
        #{ssDid,jdbcType=INTEGER},
      </if>
      <if test="ssRdate != null" >
        #{ssRdate,jdbcType=TIMESTAMP},
      </if>
      <if test="ssRnr != null" >
        #{ssRnr,jdbcType=VARCHAR},
      </if>
      <if test="ssRimage != null" >
        #{ssRimage,jdbcType=VARCHAR},
      </if>
      <if test="ssRstate != null" >
        #{ssRstate,jdbcType=VARCHAR},
      </if>
    </trim>
  </insert>
  <select id="countByExample" parameterType="com.dormitory.pojo.SsRepairExample" resultType="java.lang.Integer" >
    select count(*) from ss_repair
    <if test="_parameter != null" >
      <include refid="Example_Where_Clause" />
    </if>
  </select>
  <update id="updateByExampleSelective" parameterType="map" >
    update ss_repair
    <set >
      <if test="record.ssRid != null" >
        ss_rid = #{record.ssRid,jdbcType=INTEGER},
      </if>
      <if test="record.ssDid != null" >
        ss_did = #{record.ssDid,jdbcType=INTEGER},
      </if>
      <if test="record.ssRdate != null" >
        ss_rdate = #{record.ssRdate,jdbcType=TIMESTAMP},
      </if>
      <if test="record.ssRnr != null" >
        ss_rnr = #{record.ssRnr,jdbcType=VARCHAR},
      </if>
      <if test="record.ssRimage != null" >
        ss_rimage = #{record.ssRimage,jdbcType=VARCHAR},
      </if>
      <if test="record.ssRstate != null" >
        ss_rstate = #{record.ssRstate,jdbcType=VARCHAR},
      </if>
    </set>
    <if test="_parameter != null" >
      <include refid="Update_By_Example_Where_Clause" />
    </if>
  </update>
  <update id="updateByExample" parameterType="map" >
    update ss_repair
    set ss_rid = #{record.ssRid,jdbcType=INTEGER},
      ss_did = #{record.ssDid,jdbcType=INTEGER},
      ss_rdate = #{record.ssRdate,jdbcType=TIMESTAMP},
      ss_rnr = #{record.ssRnr,jdbcType=VARCHAR},
      ss_rimage = #{record.ssRimage,jdbcType=VARCHAR},
      ss_rstate = #{record.ssRstate,jdbcType=VARCHAR}
    <if test="_parameter != null" >
      <include refid="Update_By_Example_Where_Clause" />
    </if>
  </update>
  <update id="updateByPrimaryKeySelective" parameterType="com.dormitory.pojo.SsRepair" >
    update ss_repair
    <set >
      <if test="ssDid != null" >
        ss_did = #{ssDid,jdbcType=INTEGER},
      </if>
      <if test="ssRdate != null" >
        ss_rdate = #{ssRdate,jdbcType=TIMESTAMP},
      </if>
      <if test="ssRnr != null" >
        ss_rnr = #{ssRnr,jdbcType=VARCHAR},
      </if>
      <if test="ssRimage != null" >
        ss_rimage = #{ssRimage,jdbcType=VARCHAR},
      </if>
      <if test="ssRstate != null" >
        ss_rstate = #{ssRstate,jdbcType=VARCHAR},
      </if>
    </set>
    where ss_rid = #{ssRid,jdbcType=INTEGER}
  </update>
  <update id="updateByPrimaryKey" parameterType="com.dormitory.pojo.SsRepair" >
    update ss_repair
    set ss_did = #{ssDid,jdbcType=INTEGER},
      ss_rdate = #{ssRdate,jdbcType=TIMESTAMP},
      ss_rnr = #{ssRnr,jdbcType=VARCHAR},
      ss_rimage = #{ssRimage,jdbcType=VARCHAR},
      ss_rstate = #{ssRstate,jdbcType=VARCHAR}
    where ss_rid = #{ssRid,jdbcType=INTEGER}
  </update>
  
  <resultMap type="com.dormitory.pojo.SsRepair" id="RepairAndDorm">
  	<id column="ss_rid" property="ssRid"/>
  	<result column="ss_did" property="ssDid"/>
  	<result column="ss_rdate" property="ssRdate"/>
  	<result column="ss_rnr" property="ssRnr"/>
  	<result column="ss_rimage" property="ssRimage"/>
  	<result column="ss_rstate" property="ssRstate"/>
  	<association property="ssDorm" javaType="com.dormitory.pojo.SsDorm">
  		<id column="ss_did" property="ssDid"/>
  		<result column="ss_dname" property="ssDname"/>
  	</association>
  </resultMap>
  
  <select id="FindAllRepairAndDorm" resultMap="RepairAndDorm">
  	select * from ss_repair,ss_dorm where ss_dorm.ss_did = ss_repair.ss_did
  </select>
  
  <select id="FindRepairByState" resultMap="RepairAndDorm" parameterType="String">
  	select * from ss_repair,ss_dorm where ss_dorm.ss_did = ss_repair.ss_did and ss_rstate = #{state}
  </select>
  
  <select id="FindRepairAndDormByDid" parameterType="int" resultMap="RepairAndDorm">
  	select * from ss_repair,ss_dorm where ss_dorm.ss_did = ss_repair.ss_did and ss_repair.ss_did = #{ssDid}
  </select>
</mapper>