<?xml version="1.0" encoding="UTF-8" ?>
<!DOCTYPE mapper PUBLIC "-//mybatis.org//DTD Mapper 3.0//EN" "http://mybatis.org/dtd/mybatis-3-mapper.dtd" >
<mapper namespace="com.dormitory.dao.SsUserDao" >
  <resultMap id="BaseResultMap" type="com.dormitory.pojo.SsUser" >
    <id column="ss_uid" property="ssUid" jdbcType="INTEGER" />
    <result column="ss_uname" property="ssUname" jdbcType="VARCHAR" />
    <result column="ss_password" property="ssPassword" jdbcType="VARCHAR" />
    <result column="ss_sex" property="ssSex" jdbcType="CHAR" />
    <result column="ss_class" property="ssClass" jdbcType="VARCHAR" />
    <result column="ss_email" property="ssEmail" jdbcType="VARCHAR" />
    <result column="ss_did" property="ssDid" jdbcType="INTEGER" />
    <result column="ss_money" property="ssMoney" jdbcType="DOUBLE" />
    <result column="ss_power" property="ssPower" jdbcType="INTEGER" />
  </resultMap>
  <sql id="Example_Where_Clause" >
    <where >
      <foreach collection="oredCriteria" item="criteria" separator="or" >
        <if test="criteria.valid" >
          <trim prefix="(" suffix=")" prefixOverrides="and" >
            <foreach collection="criteria.criteria" item="criterion" >
              <choose >
                <when test="criterion.noValue" >
                  and ${criterion.condition}
                </when>
                <when test="criterion.singleValue" >
                  and ${criterion.condition} #{criterion.value}
                </when>
                <when test="criterion.betweenValue" >
                  and ${criterion.condition} #{criterion.value} and #{criterion.secondValue}
                </when>
                <when test="criterion.listValue" >
                  and ${criterion.condition}
                  <foreach collection="criterion.value" item="listItem" open="(" close=")" separator="," >
                    #{listItem}
                  </foreach>
                </when>
              </choose>
            </foreach>
          </trim>
        </if>
      </foreach>
    </where>
  </sql>
  <sql id="Update_By_Example_Where_Clause" >
    <where >
      <foreach collection="example.oredCriteria" item="criteria" separator="or" >
        <if test="criteria.valid" >
          <trim prefix="(" suffix=")" prefixOverrides="and" >
            <foreach collection="criteria.criteria" item="criterion" >
              <choose >
                <when test="criterion.noValue" >
                  and ${criterion.condition}
                </when>
                <when test="criterion.singleValue" >
                  and ${criterion.condition} #{criterion.value}
                </when>
                <when test="criterion.betweenValue" >
                  and ${criterion.condition} #{criterion.value} and #{criterion.secondValue}
                </when>
                <when test="criterion.listValue" >
                  and ${criterion.condition}
                  <foreach collection="criterion.value" item="listItem" open="(" close=")" separator="," >
                    #{listItem}
                  </foreach>
                </when>
              </choose>
            </foreach>
          </trim>
        </if>
      </foreach>
    </where>
  </sql>
  <sql id="Base_Column_List" >
    ss_uid, ss_uname, ss_password, ss_sex, ss_class, ss_email, ss_did, ss_money, ss_power
  </sql>
  <select id="selectByExample" resultMap="BaseResultMap" parameterType="com.dormitory.pojo.SsUserExample" >
    select
    <if test="distinct" >
      distinct
    </if>
    <include refid="Base_Column_List" />
    from ss_user
    <if test="_parameter != null" >
      <include refid="Example_Where_Clause" />
    </if>
    <if test="orderByClause != null" >
      order by ${orderByClause}
    </if>
  </select>
  <select id="selectByPrimaryKey" resultMap="BaseResultMap" parameterType="java.lang.Integer" >
    select 
    <include refid="Base_Column_List" />
    from ss_user
    where ss_uid = #{ssUid,jdbcType=INTEGER}
  </select>
  <delete id="deleteByPrimaryKey" parameterType="java.lang.Integer" >
    delete from ss_user
    where ss_uid = #{ssUid,jdbcType=INTEGER}
  </delete>
  <delete id="deleteByExample" parameterType="com.dormitory.pojo.SsUserExample" >
    delete from ss_user
    <if test="_parameter != null" >
      <include refid="Example_Where_Clause" />
    </if>
  </delete>
  <insert id="insert" parameterType="com.dormitory.pojo.SsUser" >
    insert into ss_user (ss_uid, ss_uname, ss_password, 
      ss_sex, ss_class, ss_email, 
      ss_did, ss_money, ss_power
      )
    values (#{ssUid,jdbcType=INTEGER}, #{ssUname,jdbcType=VARCHAR}, #{ssPassword,jdbcType=VARCHAR}, 
      #{ssSex,jdbcType=CHAR}, #{ssClass,jdbcType=VARCHAR}, #{ssEmail,jdbcType=VARCHAR}, 
      #{ssDid,jdbcType=INTEGER}, #{ssMoney,jdbcType=DOUBLE}, #{ssPower,jdbcType=INTEGER}
      )
  </insert>
  <insert id="insertSelective" parameterType="com.dormitory.pojo.SsUser" >
    insert into ss_user
    <trim prefix="(" suffix=")" suffixOverrides="," >
      <if test="ssUid != null" >
        ss_uid,
      </if>
      <if test="ssUname != null" >
        ss_uname,
      </if>
      <if test="ssPassword != null" >
        ss_password,
      </if>
      <if test="ssSex != null" >
        ss_sex,
      </if>
      <if test="ssClass != null" >
        ss_class,
      </if>
      <if test="ssEmail != null" >
        ss_email,
      </if>
      <if test="ssDid != null" >
        ss_did,
      </if>
      <if test="ssMoney != null" >
        ss_money,
      </if>
      <if test="ssPower != null" >
        ss_power,
      </if>
    </trim>
    <trim prefix="values (" suffix=")" suffixOverrides="," >
      <if test="ssUid != null" >
        #{ssUid,jdbcType=INTEGER},
      </if>
      <if test="ssUname != null" >
        #{ssUname,jdbcType=VARCHAR},
      </if>
      <if test="ssPassword != null" >
        #{ssPassword,jdbcType=VARCHAR},
      </if>
      <if test="ssSex != null" >
        #{ssSex,jdbcType=CHAR},
      </if>
      <if test="ssClass != null" >
        #{ssClass,jdbcType=VARCHAR},
      </if>
      <if test="ssEmail != null" >
        #{ssEmail,jdbcType=VARCHAR},
      </if>
      <if test="ssDid != null" >
        #{ssDid,jdbcType=INTEGER},
      </if>
      <if test="ssMoney != null" >
        #{ssMoney,jdbcType=DOUBLE},
      </if>
      <if test="ssPower != null" >
        #{ssPower,jdbcType=INTEGER},
      </if>
    </trim>
  </insert>
  <select id="countByExample" parameterType="com.dormitory.pojo.SsUserExample" resultType="java.lang.Integer" >
    select count(*) from ss_user
    <if test="_parameter != null" >
      <include refid="Example_Where_Clause" />
    </if>
  </select>
  <update id="updateByExampleSelective" parameterType="map" >
    update ss_user
    <set >
      <if test="record.ssUid != null" >
        ss_uid = #{record.ssUid,jdbcType=INTEGER},
      </if>
      <if test="record.ssUname != null" >
        ss_uname = #{record.ssUname,jdbcType=VARCHAR},
      </if>
      <if test="record.ssPassword != null" >
        ss_password = #{record.ssPassword,jdbcType=VARCHAR},
      </if>
      <if test="record.ssSex != null" >
        ss_sex = #{record.ssSex,jdbcType=CHAR},
      </if>
      <if test="record.ssClass != null" >
        ss_class = #{record.ssClass,jdbcType=VARCHAR},
      </if>
      <if test="record.ssEmail != null" >
        ss_email = #{record.ssEmail,jdbcType=VARCHAR},
      </if>
      <if test="record.ssDid != null" >
        ss_did = #{record.ssDid,jdbcType=INTEGER},
      </if>
      <if test="record.ssMoney != null" >
        ss_money = #{record.ssMoney,jdbcType=DOUBLE},
      </if>
      <if test="record.ssPower != null" >
        ss_power = #{record.ssPower,jdbcType=INTEGER},
      </if>
    </set>
    <if test="_parameter != null" >
      <include refid="Update_By_Example_Where_Clause" />
    </if>
  </update>
  <update id="updateByExample" parameterType="map" >
    update ss_user
    set ss_uid = #{record.ssUid,jdbcType=INTEGER},
      ss_uname = #{record.ssUname,jdbcType=VARCHAR},
      ss_password = #{record.ssPassword,jdbcType=VARCHAR},
      ss_sex = #{record.ssSex,jdbcType=CHAR},
      ss_class = #{record.ssClass,jdbcType=VARCHAR},
      ss_email = #{record.ssEmail,jdbcType=VARCHAR},
      ss_did = #{record.ssDid,jdbcType=INTEGER},
      ss_money = #{record.ssMoney,jdbcType=DOUBLE},
      ss_power = #{record.ssPower,jdbcType=INTEGER}
    <if test="_parameter != null" >
      <include refid="Update_By_Example_Where_Clause" />
    </if>
  </update>
  <update id="updateByPrimaryKeySelective" parameterType="com.dormitory.pojo.SsUser" >
    update ss_user
    <set >
      <if test="ssUname != null" >
        ss_uname = #{ssUname,jdbcType=VARCHAR},
      </if>
      <if test="ssPassword != null" >
        ss_password = #{ssPassword,jdbcType=VARCHAR},
      </if>
      <if test="ssSex != null" >
        ss_sex = #{ssSex,jdbcType=CHAR},
      </if>
      <if test="ssClass != null" >
        ss_class = #{ssClass,jdbcType=VARCHAR},
      </if>
      <if test="ssEmail != null" >
        ss_email = #{ssEmail,jdbcType=VARCHAR},
      </if>
      <if test="ssDid != null" >
        ss_did = #{ssDid,jdbcType=INTEGER},
      </if>
      <if test="ssMoney != null" >
        ss_money = #{ssMoney,jdbcType=DOUBLE},
      </if>
      <if test="ssPower != null" >
        ss_power = #{ssPower,jdbcType=INTEGER},
      </if>
    </set>
    where ss_uid = #{ssUid,jdbcType=INTEGER}
  </update>
  <update id="updateByPrimaryKey" parameterType="com.dormitory.pojo.SsUser" >
    update ss_user
    set ss_uname = #{ssUname,jdbcType=VARCHAR},
      ss_password = #{ssPassword,jdbcType=VARCHAR},
      ss_sex = #{ssSex,jdbcType=CHAR},
      ss_class = #{ssClass,jdbcType=VARCHAR},
      ss_email = #{ssEmail,jdbcType=VARCHAR},
      ss_did = #{ssDid,jdbcType=INTEGER},
      ss_money = #{ssMoney,jdbcType=DOUBLE},
      ss_power = #{ssPower,jdbcType=INTEGER}
    where ss_uid = #{ssUid,jdbcType=INTEGER}
  </update>
  
  <resultMap type="com.dormitory.pojo.SsUser" id="UserAndDorm">
  	<id column="ss_uid" property="ssUid"/>
  	<result column="ss_uname" property="ssUname"/>
  	<result column="ss_password" property="ssPassword"/>
  	<result column="ss_sex" property="ssSex"/>
  	<result column="ss_class" property="ssClass"/>
  	<result column="ss_email" property="ssEmail"/>
  	<result column="ss_did" property="ssDid"/>
  	<result column="ss_money" property="ssMoney"/>
  	<result column="ss_power" property="ssPower"/>
  	<association property="ssDorm" javaType="com.dormitory.pojo.SsDorm">
  		<id column="ss_did" property="ssDid"/>
  		<result column="ss_dname" property="ssDname"/>
  	</association>
  </resultMap>
  
  <select id="findUserAndDorm" resultMap="UserAndDorm" parameterType="int">
  	select * from ss_user,ss_dorm where ss_user.ss_did = ss_dorm.ss_did and ss_uid = #{ssUid}
  </select>
  
  <select id="findUserAndDormMes" resultMap="UserAndDorm">
  	select * from ss_user,ss_dorm where ss_user.ss_did = ss_dorm.ss_did order by ss_user.ss_did
  </select>
  
  <select id="findUserAndDormMesByDid" resultMap="UserAndDorm" parameterType="int">
  	select * from ss_user,ss_dorm where ss_user.ss_did = ss_dorm.ss_did and ss_user.ss_did = #{ssDid}
  </select>
</mapper>