<?xml version="1.0" encoding="UTF-8" ?>
<!DOCTYPE mapper PUBLIC "-//mybatis.org//DTD Mapper 3.0//EN" "http://mybatis.org/dtd/mybatis-3-mapper.dtd" >
<mapper namespace="com.dormitory.dao.SsViolationDao" >
  <resultMap id="BaseResultMap" type="com.dormitory.pojo.SsViolation" >
    <id column="ss_vid" property="ssVid" jdbcType="INTEGER" />
    <result column="ss_did" property="ssDid" jdbcType="INTEGER" />
    <result column="ss_uid" property="ssUid" jdbcType="INTEGER" />
    <result column="ss_vdate" property="ssVdate" jdbcType="TIMESTAMP" />
    <result column="ss_vthing" property="ssVthing" jdbcType="VARCHAR" />
    <result column="ss_vremark" property="ssVremark" jdbcType="VARCHAR" />
    <result column="ss_vstate" property="ssVstate" jdbcType="VARCHAR" />
  </resultMap>
  <sql id="Example_Where_Clause" >
    <where >
      <foreach collection="oredCriteria" item="criteria" separator="or" >
        <if test="criteria.valid" >
          <trim prefix="(" suffix=")" prefixOverrides="and" >
            <foreach collection="criteria.criteria" item="criterion" >
              <choose >
                <when test="criterion.noValue" >
                  and ${criterion.condition}
                </when>
                <when test="criterion.singleValue" >
                  and ${criterion.condition} #{criterion.value}
                </when>
                <when test="criterion.betweenValue" >
                  and ${criterion.condition} #{criterion.value} and #{criterion.secondValue}
                </when>
                <when test="criterion.listValue" >
                  and ${criterion.condition}
                  <foreach collection="criterion.value" item="listItem" open="(" close=")" separator="," >
                    #{listItem}
                  </foreach>
                </when>
              </choose>
            </foreach>
          </trim>
        </if>
      </foreach>
    </where>
  </sql>
  <sql id="Update_By_Example_Where_Clause" >
    <where >
      <foreach collection="example.oredCriteria" item="criteria" separator="or" >
        <if test="criteria.valid" >
          <trim prefix="(" suffix=")" prefixOverrides="and" >
            <foreach collection="criteria.criteria" item="criterion" >
              <choose >
                <when test="criterion.noValue" >
                  and ${criterion.condition}
                </when>
                <when test="criterion.singleValue" >
                  and ${criterion.condition} #{criterion.value}
                </when>
                <when test="criterion.betweenValue" >
                  and ${criterion.condition} #{criterion.value} and #{criterion.secondValue}
                </when>
                <when test="criterion.listValue" >
                  and ${criterion.condition}
                  <foreach collection="criterion.value" item="listItem" open="(" close=")" separator="," >
                    #{listItem}
                  </foreach>
                </when>
              </choose>
            </foreach>
          </trim>
        </if>
      </foreach>
    </where>
  </sql>
  <sql id="Base_Column_List" >
    ss_vid, ss_did, ss_uid, ss_vdate, ss_vthing, ss_vremark, ss_vstate
  </sql>
  <select id="selectByExample" resultMap="BaseResultMap" parameterType="com.dormitory.pojo.SsViolationExample" >
    select
    <if test="distinct" >
      distinct
    </if>
    <include refid="Base_Column_List" />
    from ss_violation
    <if test="_parameter != null" >
      <include refid="Example_Where_Clause" />
    </if>
    <if test="orderByClause != null" >
      order by ${orderByClause}
    </if>
  </select>
  <select id="selectByPrimaryKey" resultMap="BaseResultMap" parameterType="java.lang.Integer" >
    select 
    <include refid="Base_Column_List" />
    from ss_violation
    where ss_vid = #{ssVid,jdbcType=INTEGER}
  </select>
  <delete id="deleteByPrimaryKey" parameterType="java.lang.Integer" >
    delete from ss_violation
    where ss_vid = #{ssVid,jdbcType=INTEGER}
  </delete>
  <delete id="deleteByExample" parameterType="com.dormitory.pojo.SsViolationExample" >
    delete from ss_violation
    <if test="_parameter != null" >
      <include refid="Example_Where_Clause" />
    </if>
  </delete>
  <insert id="insert" parameterType="com.dormitory.pojo.SsViolation" >
    insert into ss_violation (ss_vid, ss_did, ss_uid, 
      ss_vdate, ss_vthing, ss_vremark, 
      ss_vstate)
    values (#{ssVid,jdbcType=INTEGER}, #{ssDid,jdbcType=INTEGER}, #{ssUid,jdbcType=INTEGER}, 
      #{ssVdate,jdbcType=TIMESTAMP}, #{ssVthing,jdbcType=VARCHAR}, #{ssVremark,jdbcType=VARCHAR}, 
      #{ssVstate,jdbcType=VARCHAR})
  </insert>
  <insert id="insertSelective" parameterType="com.dormitory.pojo.SsViolation" >
    insert into ss_violation
    <trim prefix="(" suffix=")" suffixOverrides="," >
      <if test="ssVid != null" >
        ss_vid,
      </if>
      <if test="ssDid != null" >
        ss_did,
      </if>
      <if test="ssUid != null" >
        ss_uid,
      </if>
      <if test="ssVdate != null" >
        ss_vdate,
      </if>
      <if test="ssVthing != null" >
        ss_vthing,
      </if>
      <if test="ssVremark != null" >
        ss_vremark,
      </if>
      <if test="ssVstate != null" >
        ss_vstate,
      </if>
    </trim>
    <trim prefix="values (" suffix=")" suffixOverrides="," >
      <if test="ssVid != null" >
        #{ssVid,jdbcType=INTEGER},
      </if>
      <if test="ssDid != null" >
        #{ssDid,jdbcType=INTEGER},
      </if>
      <if test="ssUid != null" >
        #{ssUid,jdbcType=INTEGER},
      </if>
      <if test="ssVdate != null" >
        #{ssVdate,jdbcType=TIMESTAMP},
      </if>
      <if test="ssVthing != null" >
        #{ssVthing,jdbcType=VARCHAR},
      </if>
      <if test="ssVremark != null" >
        #{ssVremark,jdbcType=VARCHAR},
      </if>
      <if test="ssVstate != null" >
        #{ssVstate,jdbcType=VARCHAR},
      </if>
    </trim>
  </insert>
  <select id="countByExample" parameterType="com.dormitory.pojo.SsViolationExample" resultType="java.lang.Integer" >
    select count(*) from ss_violation
    <if test="_parameter != null" >
      <include refid="Example_Where_Clause" />
    </if>
  </select>
  <update id="updateByExampleSelective" parameterType="map" >
    update ss_violation
    <set >
      <if test="record.ssVid != null" >
        ss_vid = #{record.ssVid,jdbcType=INTEGER},
      </if>
      <if test="record.ssDid != null" >
        ss_did = #{record.ssDid,jdbcType=INTEGER},
      </if>
      <if test="record.ssUid != null" >
        ss_uid = #{record.ssUid,jdbcType=INTEGER},
      </if>
      <if test="record.ssVdate != null" >
        ss_vdate = #{record.ssVdate,jdbcType=TIMESTAMP},
      </if>
      <if test="record.ssVthing != null" >
        ss_vthing = #{record.ssVthing,jdbcType=VARCHAR},
      </if>
      <if test="record.ssVremark != null" >
        ss_vremark = #{record.ssVremark,jdbcType=VARCHAR},
      </if>
      <if test="record.ssVstate != null" >
        ss_vstate = #{record.ssVstate,jdbcType=VARCHAR},
      </if>
    </set>
    <if test="_parameter != null" >
      <include refid="Update_By_Example_Where_Clause" />
    </if>
  </update>
  <update id="updateByExample" parameterType="map" >
    update ss_violation
    set ss_vid = #{record.ssVid,jdbcType=INTEGER},
      ss_did = #{record.ssDid,jdbcType=INTEGER},
      ss_uid = #{record.ssUid,jdbcType=INTEGER},
      ss_vdate = #{record.ssVdate,jdbcType=TIMESTAMP},
      ss_vthing = #{record.ssVthing,jdbcType=VARCHAR},
      ss_vremark = #{record.ssVremark,jdbcType=VARCHAR},
      ss_vstate = #{record.ssVstate,jdbcType=VARCHAR}
    <if test="_parameter != null" >
      <include refid="Update_By_Example_Where_Clause" />
    </if>
  </update>
  <update id="updateByPrimaryKeySelective" parameterType="com.dormitory.pojo.SsViolation" >
    update ss_violation
    <set >
      <if test="ssDid != null" >
        ss_did = #{ssDid,jdbcType=INTEGER},
      </if>
      <if test="ssUid != null" >
        ss_uid = #{ssUid,jdbcType=INTEGER},
      </if>
      <if test="ssVdate != null" >
        ss_vdate = #{ssVdate,jdbcType=TIMESTAMP},
      </if>
      <if test="ssVthing != null" >
        ss_vthing = #{ssVthing,jdbcType=VARCHAR},
      </if>
      <if test="ssVremark != null" >
        ss_vremark = #{ssVremark,jdbcType=VARCHAR},
      </if>
      <if test="ssVstate != null" >
        ss_vstate = #{ssVstate,jdbcType=VARCHAR},
      </if>
    </set>
    where ss_vid = #{ssVid,jdbcType=INTEGER}
  </update>
  <update id="updateByPrimaryKey" parameterType="com.dormitory.pojo.SsViolation" >
    update ss_violation
    set ss_did = #{ssDid,jdbcType=INTEGER},
      ss_uid = #{ssUid,jdbcType=INTEGER},
      ss_vdate = #{ssVdate,jdbcType=TIMESTAMP},
      ss_vthing = #{ssVthing,jdbcType=VARCHAR},
      ss_vremark = #{ssVremark,jdbcType=VARCHAR},
      ss_vstate = #{ssVstate,jdbcType=VARCHAR}
    where ss_vid = #{ssVid,jdbcType=INTEGER}
  </update>
  
  <resultMap type="com.dormitory.pojo.SsViolation" id="ViolationAndDorm">
  	<id column="ss_vid" property="ssVid"/>
  	<result column="ss_did" property="ssDid"/>
  	<result column="ss_uid" property="ssUid"/>
  	<result column="ss_vdate" property="ssVdate"/>
  	<result column="ss_vthing" property="ssVthing"/>
  	<result column="ss_vremark" property="ssVremark"/>
  	<result column="ss_vstate" property="ssVstate"/>
  	<association property="ssUser" javaType="com.dormitory.pojo.SsUser">
  		<id column="ss_uid" property="ssUid"/>
	  	<result column="ss_uname" property="ssUname"/>
	  	<result column="ss_password" property="ssPassword"/>
	  	<result column="ss_sex" property="ssSex"/>
	  	<result column="ss_class" property="ssClass"/>
	  	<result column="ss_email" property="ssEmail"/>
	  	<result column="ss_did" property="ssDid"/>
	  	<result column="ss_money" property="ssMoney"/>
	  	<result column="ss_power" property="ssPower"/>
  	</association>
  	<association property="ssDorm" javaType="com.dormitory.pojo.SsDorm">
  		<id column="ss_did" property="ssDid"/>
  		<result column="ss_dname" property="ssDname"/>
  	</association>
  </resultMap>
  
  <select id="FindAllViolation" resultMap="ViolationAndDorm">
  	select * from ss_user,ss_violation,ss_dorm where ss_user.ss_uid = ss_violation.ss_uid and ss_dorm.ss_did = ss_violation.ss_did
  </select>
  
  <select id="FindViolationMesByUid" resultMap="ViolationAndDorm" parameterType="int">
  	select * from ss_user,ss_violation,ss_dorm where ss_user.ss_uid = ss_violation.ss_uid and ss_dorm.ss_did = ss_violation.ss_did and ss_user.ss_uid = #{ssUid}
  </select>
  
  <select id="FindViolation" resultMap="ViolationAndDorm" parameterType="String">
  	select * from ss_user,ss_violation,ss_dorm where ss_user.ss_uid = ss_violation.ss_uid and ss_violation.ss_did = ss_dorm.ss_did and (ss_uname = #{s} or ss_dname = #{s} or ss_vstate = #{s})
  </select>
</mapper>