<?xml version="1.0" encoding="UTF-8" ?>
<!DOCTYPE mapper PUBLIC "-//mybatis.org//DTD Mapper 3.0//EN" "http://mybatis.org/dtd/mybatis-3-mapper.dtd" >
<mapper namespace="com.dormitory.dao.SsWaterandelectricityDao" >
  <resultMap id="BaseResultMap" type="com.dormitory.pojo.SsWaterandelectricity" >
    <id column="ss_weid" property="ssWeid" jdbcType="INTEGER" />
    <result column="ss_did" property="ssDid" jdbcType="INTEGER" />
    <result column="ss_enum" property="ssEnum" jdbcType="INTEGER" />
    <result column="ss_wnum" property="ssWnum" jdbcType="INTEGER" />
    <result column="ss_money" property="ssMoney" jdbcType="DOUBLE" />
    <result column="ss_westate" property="ssWestate" jdbcType="VARCHAR" />
  </resultMap>
  <sql id="Example_Where_Clause" >
    <where >
      <foreach collection="oredCriteria" item="criteria" separator="or" >
        <if test="criteria.valid" >
          <trim prefix="(" suffix=")" prefixOverrides="and" >
            <foreach collection="criteria.criteria" item="criterion" >
              <choose >
                <when test="criterion.noValue" >
                  and ${criterion.condition}
                </when>
                <when test="criterion.singleValue" >
                  and ${criterion.condition} #{criterion.value}
                </when>
                <when test="criterion.betweenValue" >
                  and ${criterion.condition} #{criterion.value} and #{criterion.secondValue}
                </when>
                <when test="criterion.listValue" >
                  and ${criterion.condition}
                  <foreach collection="criterion.value" item="listItem" open="(" close=")" separator="," >
                    #{listItem}
                  </foreach>
                </when>
              </choose>
            </foreach>
          </trim>
        </if>
      </foreach>
    </where>
  </sql>
  <sql id="Update_By_Example_Where_Clause" >
    <where >
      <foreach collection="example.oredCriteria" item="criteria" separator="or" >
        <if test="criteria.valid" >
          <trim prefix="(" suffix=")" prefixOverrides="and" >
            <foreach collection="criteria.criteria" item="criterion" >
              <choose >
                <when test="criterion.noValue" >
                  and ${criterion.condition}
                </when>
                <when test="criterion.singleValue" >
                  and ${criterion.condition} #{criterion.value}
                </when>
                <when test="criterion.betweenValue" >
                  and ${criterion.condition} #{criterion.value} and #{criterion.secondValue}
                </when>
                <when test="criterion.listValue" >
                  and ${criterion.condition}
                  <foreach collection="criterion.value" item="listItem" open="(" close=")" separator="," >
                    #{listItem}
                  </foreach>
                </when>
              </choose>
            </foreach>
          </trim>
        </if>
      </foreach>
    </where>
  </sql>
  <sql id="Base_Column_List" >
    ss_weid, ss_did, ss_enum, ss_wnum, ss_money, ss_westate
  </sql>
  <select id="selectByExample" resultMap="BaseResultMap" parameterType="com.dormitory.pojo.SsWaterandelectricityExample" >
    select
    <if test="distinct" >
      distinct
    </if>
    <include refid="Base_Column_List" />
    from ss_waterandelectricity
    <if test="_parameter != null" >
      <include refid="Example_Where_Clause" />
    </if>
    <if test="orderByClause != null" >
      order by ${orderByClause}
    </if>
  </select>
  <select id="selectByPrimaryKey" resultMap="BaseResultMap" parameterType="java.lang.Integer" >
    select 
    <include refid="Base_Column_List" />
    from ss_waterandelectricity
    where ss_weid = #{ssWeid,jdbcType=INTEGER}
  </select>
  <delete id="deleteByPrimaryKey" parameterType="java.lang.Integer" >
    delete from ss_waterandelectricity
    where ss_weid = #{ssWeid,jdbcType=INTEGER}
  </delete>
  <delete id="deleteByExample" parameterType="com.dormitory.pojo.SsWaterandelectricityExample" >
    delete from ss_waterandelectricity
    <if test="_parameter != null" >
      <include refid="Example_Where_Clause" />
    </if>
  </delete>
  <insert id="insert" parameterType="com.dormitory.pojo.SsWaterandelectricity" >
    insert into ss_waterandelectricity (ss_weid, ss_did, ss_enum, 
      ss_wnum, ss_money, ss_westate
      )
    values (#{ssWeid,jdbcType=INTEGER}, #{ssDid,jdbcType=INTEGER}, #{ssEnum,jdbcType=INTEGER}, 
      #{ssWnum,jdbcType=INTEGER}, #{ssMoney,jdbcType=DOUBLE}, #{ssWestate,jdbcType=VARCHAR}
      )
  </insert>
  <insert id="insertSelective" parameterType="com.dormitory.pojo.SsWaterandelectricity" >
    insert into ss_waterandelectricity
    <trim prefix="(" suffix=")" suffixOverrides="," >
      <if test="ssWeid != null" >
        ss_weid,
      </if>
      <if test="ssDid != null" >
        ss_did,
      </if>
      <if test="ssEnum != null" >
        ss_enum,
      </if>
      <if test="ssWnum != null" >
        ss_wnum,
      </if>
      <if test="ssMoney != null" >
        ss_money,
      </if>
      <if test="ssWestate != null" >
        ss_westate,
      </if>
    </trim>
    <trim prefix="values (" suffix=")" suffixOverrides="," >
      <if test="ssWeid != null" >
        #{ssWeid,jdbcType=INTEGER},
      </if>
      <if test="ssDid != null" >
        #{ssDid,jdbcType=INTEGER},
      </if>
      <if test="ssEnum != null" >
        #{ssEnum,jdbcType=INTEGER},
      </if>
      <if test="ssWnum != null" >
        #{ssWnum,jdbcType=INTEGER},
      </if>
      <if test="ssMoney != null" >
        #{ssMoney,jdbcType=DOUBLE},
      </if>
      <if test="ssWestate != null" >
        #{ssWestate,jdbcType=VARCHAR},
      </if>
    </trim>
  </insert>
  <select id="countByExample" parameterType="com.dormitory.pojo.SsWaterandelectricityExample" resultType="java.lang.Integer" >
    select count(*) from ss_waterandelectricity
    <if test="_parameter != null" >
      <include refid="Example_Where_Clause" />
    </if>
  </select>
  <update id="updateByExampleSelective" parameterType="map" >
    update ss_waterandelectricity
    <set >
      <if test="record.ssWeid != null" >
        ss_weid = #{record.ssWeid,jdbcType=INTEGER},
      </if>
      <if test="record.ssDid != null" >
        ss_did = #{record.ssDid,jdbcType=INTEGER},
      </if>
      <if test="record.ssEnum != null" >
        ss_enum = #{record.ssEnum,jdbcType=INTEGER},
      </if>
      <if test="record.ssWnum != null" >
        ss_wnum = #{record.ssWnum,jdbcType=INTEGER},
      </if>
      <if test="record.ssMoney != null" >
        ss_money = #{record.ssMoney,jdbcType=DOUBLE},
      </if>
      <if test="record.ssWestate != null" >
        ss_westate = #{record.ssWestate,jdbcType=VARCHAR},
      </if>
    </set>
    <if test="_parameter != null" >
      <include refid="Update_By_Example_Where_Clause" />
    </if>
  </update>
  <update id="updateByExample" parameterType="map" >
    update ss_waterandelectricity
    set ss_weid = #{record.ssWeid,jdbcType=INTEGER},
      ss_did = #{record.ssDid,jdbcType=INTEGER},
      ss_enum = #{record.ssEnum,jdbcType=INTEGER},
      ss_wnum = #{record.ssWnum,jdbcType=INTEGER},
      ss_money = #{record.ssMoney,jdbcType=DOUBLE},
      ss_westate = #{record.ssWestate,jdbcType=VARCHAR}
    <if test="_parameter != null" >
      <include refid="Update_By_Example_Where_Clause" />
    </if>
  </update>
  <update id="updateByPrimaryKeySelective" parameterType="com.dormitory.pojo.SsWaterandelectricity" >
    update ss_waterandelectricity
    <set >
      <if test="ssDid != null" >
        ss_did = #{ssDid,jdbcType=INTEGER},
      </if>
      <if test="ssEnum != null" >
        ss_enum = #{ssEnum,jdbcType=INTEGER},
      </if>
      <if test="ssWnum != null" >
        ss_wnum = #{ssWnum,jdbcType=INTEGER},
      </if>
      <if test="ssMoney != null" >
        ss_money = #{ssMoney,jdbcType=DOUBLE},
      </if>
      <if test="ssWestate != null" >
        ss_westate = #{ssWestate,jdbcType=VARCHAR},
      </if>
    </set>
    where ss_weid = #{ssWeid,jdbcType=INTEGER}
  </update>
  <update id="updateByPrimaryKey" parameterType="com.dormitory.pojo.SsWaterandelectricity" >
    update ss_waterandelectricity
    set ss_did = #{ssDid,jdbcType=INTEGER},
      ss_enum = #{ssEnum,jdbcType=INTEGER},
      ss_wnum = #{ssWnum,jdbcType=INTEGER},
      ss_money = #{ssMoney,jdbcType=DOUBLE},
      ss_westate = #{ssWestate,jdbcType=VARCHAR}
    where ss_weid = #{ssWeid,jdbcType=INTEGER}
  </update>
  
   <!-- 单表 -->
  	<resultMap type="com.dormitory.pojo.SsWaterandelectricity" id="WEandDormandUser">
		<!-- 主表信息 -->
		<!-- 加入id才能根据id删除 -->
		<id column="ss_weid" property="ssWeid"/>
		<result column="ss_enum" property="ssEnum" />
		<result column="ss_wnum" property="ssWnum" />
		<result column="ss_money" property="ssMoney" />
		<result column="ss_westate" property="ssWestate" />
		<!-- 从表信息 -->
		<association property="ssDorms" javaType="com.dormitory.pojo.SsDorm">
		<id column="ss_did" property="ssDid"/>
	    <result column="ss_dname" property="ssDname" />
	</association>
	<association property="ssUser" javaType="com.dormitory.pojo.SsUser">
  		<id column="ss_uid" property="ssUid"/>
	  	<result column="ss_uname" property="ssUname"/>
	  	<result column="ss_password" property="ssPassword"/>
	  	<result column="ss_sex" property="ssSex"/>
	  	<result column="ss_class" property="ssClass"/>
	  	<result column="ss_email" property="ssEmail"/>
	  	<result column="ss_did" property="ssDid"/>
	  	<result column="ss_money" property="ssMoney"/>
	  	<result column="ss_power" property="ssPower"/>
  	</association>
	</resultMap>
	
	<!-- 全查之宿舍升序 -->
	<select id="selWEandDorm" resultMap="WEandDormandUser">
		select * FROM  ss_waterandelectricity,ss_dorm
		WHERE ss_waterandelectricity.ss_did=ss_dorm.ss_did
		order by ss_dorm.ss_dname
	</select>
	
	<!-- ssWeid查 -->
	<select id="selWEandDormByssWeid" resultMap="WEandDormandUser">
		select * FROM  ss_waterandelectricity,ss_dorm
		WHERE ss_waterandelectricity.ss_did=ss_dorm.ss_did and ss_Weid = #{ssWeid,jdbcType=INTEGER}
	</select>

	<!-- ssDid查 -->
	<select id="selWEandDormandUserByssDid" resultMap="WEandDormandUser">
	select * from ss_user,ss_waterandelectricity,ss_dorm 
	where ss_user.ss_did = ss_dorm.ss_did and ss_dorm.ss_did = ss_waterandelectricity.ss_did and ss_waterandelectricity.ss_did = #{ssDid,jdbcType=INTEGER}
	</select>
	
	<!-- 搜索框ssDname、ssWestate-->
	<select id="selWEandUserandDormByssDnameandssWestate" resultMap="WEandDormandUser" parameterType="String">
		select * from ss_user,ss_waterandelectricity,ss_dorm 
		where ss_user.ss_did = ss_dorm.ss_did and ss_dorm.ss_did = ss_waterandelectricity.ss_did and
		(ss_dname = #{c} or ss_westate =#{c})
	</select> 
</mapper>